Item1,Item2,Year,Composition ratio,Tool Tips（Composition ratio）
Eat Japanese food,"If you were to come to Japan again in future, what would you like to do?",2015,59.34000242,59.34000242
Eat Japanese food,What did you do during your current stay in Japan?,2015,95.796981137,95.796981137
Eat Japanese food,What you wanted to do during this trip to Japan?,2015,69.738335615,69.738335615
Drink Japanese alcoholic beverages,"If you were to come to Japan again in future, what would you like to do?",2015,22.172827728,22.172827728
Drink Japanese alcoholic beverages,What did you do during your current stay in Japan?,2015,42.947309062,42.947309062
Drink Japanese alcoholic beverages,What you wanted to do during this trip to Japan?,2015,20.611609709,20.611609709
Stay in a Japanese-style inn,"If you were to come to Japan again in future, what would you like to do?",2015,27.527476373,27.527476373
Stay in a Japanese-style inn,What did you do during your current stay in Japan?,2015,34.472214001,34.472214001
Stay in a Japanese-style inn,What you wanted to do during this trip to Japan?,2015,20.479367692,20.479367692
Bathe in a hot spring,"If you were to come to Japan again in future, what would you like to do?",2015,43.400391367,43.400391367
Bathe in a hot spring,What did you do during your current stay in Japan?,2015,37.886522365,37.886522365
Bathe in a hot spring,What you wanted to do during this trip to Japan?,2015,29.772782651,29.772782651
Nature/scenery sightseeing,"If you were to come to Japan again in future, what would you like to do?",2015,43.509191234,43.509191234
Nature/scenery sightseeing,What did you do during your current stay in Japan?,2015,63.961849336,63.961849336
Nature/scenery sightseeing,What you wanted to do during this trip to Japan?,2015,44.029138291,44.029138291
Sports watching,"If you were to come to Japan again in future, what would you like to do?",2015,10.084065441,10.084065441
Sports watching,What did you do during your current stay in Japan?,2015,2.029907604,2.029907604
Sports watching,What you wanted to do during this trip to Japan?,2015,2.904960485,2.904960485
Stage or music performances,"If you were to come to Japan again in future, what would you like to do?",2015,12.858901399,12.858901399
Stage or music performances,What did you do during your current stay in Japan?,2015,4.515486186,4.515486186
Stage or music performances,What you wanted to do during this trip to Japan?,2015,4.316463878,4.316463878
Shopping,"If you were to come to Japan again in future, what would you like to do?",2015,48.91294097,48.91294097
Shopping,What did you do during your current stay in Japan?,2015,84.134916557,84.134916557
Shopping,What you wanted to do during this trip to Japan?,2015,55.272055599,55.272055599
"Galleries, museums, etc.","If you were to come to Japan again in future, what would you like to do?",2015,18.262612416,18.262612416
"Galleries, museums, etc.",What did you do during your current stay in Japan?,2015,19.978273599,19.978273599
"Galleries, museums, etc.",What you wanted to do during this trip to Japan?,2015,12.459373757,12.459373757
Theme parks,"If you were to come to Japan again in future, what would you like to do?",2015,23.346365179,23.346365179
Theme parks,What did you do during your current stay in Japan?,2015,21.675005784,21.675005784
Theme parks,What you wanted to do during this trip to Japan?,2015,16.35495645,16.35495645
Ski/snowboard,"If you were to come to Japan again in future, what would you like to do?",2015,17.906967812,17.906967812
Ski/snowboard,What did you do during your current stay in Japan?,2015,3.013755406,3.013755406
Ski/snowboard,What you wanted to do during this trip to Japan?,2015,4.179712265,4.179712265
Other sports,"If you were to come to Japan again in future, what would you like to do?",2015,6.80196601,6.80196601
Other sports,What did you do during your current stay in Japan?,2015,1.95438858,1.95438858
Other sports,What you wanted to do during this trip to Japan?,2015,2.033284544,2.033284544
"Nature experience tours and farming, mountain, and fishing village experiences","If you were to come to Japan again in future, what would you like to do?",2015,15.391875272,15.391875272
"Nature experience tours and farming, mountain, and fishing village experiences",What did you do during your current stay in Japan?,2015,6.174459419,6.174459419
"Nature experience tours and farming, mountain, and fishing village experiences",What you wanted to do during this trip to Japan?,2015,5.479410995,5.479410995
Seasons,"If you were to come to Japan again in future, what would you like to do?",2015,29.162540502,29.162540502
Seasons,What did you do during your current stay in Japan?,2015,10.663808802,10.663808802
Seasons,What you wanted to do during this trip to Japan?,2015,10.039020922,10.039020922
Visiting film/anime settings,"If you were to come to Japan again in future, what would you like to do?",2015,10.473186581,10.473186581
Visiting film/anime settings,What did you do during your current stay in Japan?,2015,4.749658427,4.749658427
Visiting film/anime settings,What you wanted to do during this trip to Japan?,2015,4.368161783,4.368161783
Walking in shopping districts,"If you were to come to Japan again in future, what would you like to do?",2015,30.874667812,30.874667812
Walking in shopping districts,What did you do during your current stay in Japan?,2015,71.22612177,71.22612177
Walking in shopping districts,What you wanted to do during this trip to Japan?,2015,38.979359638,38.979359638
Experience Japanese history/culture,"If you were to come to Japan again in future, what would you like to do?",2015,26.622617786,26.622617786
Experience Japanese history/culture,What did you do during your current stay in Japan?,2015,24.054178141,24.054178141
Experience Japanese history/culture,What you wanted to do during this trip to Japan?,2015,16.738661985,16.738661985
Experience Japanese everyday life,"If you were to come to Japan again in future, what would you like to do?",2015,22.525513248,22.525513248
Experience Japanese everyday life,What did you do during your current stay in Japan?,2015,22.290589733,22.290589733
Experience Japanese everyday life,What you wanted to do during this trip to Japan?,2015,15.362008619,15.362008619
Enjoy Japanese pop culture,"If you were to come to Japan again in future, what would you like to do?",2015,14.155521571,14.155521571
Enjoy Japanese pop culture,What did you do during your current stay in Japan?,2015,13.832154029,13.832154029
Enjoy Japanese pop culture,What you wanted to do during this trip to Japan?,2015,9.234400553,9.234400553
Medical treatment/Medical check-up,"If you were to come to Japan again in future, what would you like to do?",2015,3.875057416,3.875057416
Medical treatment/Medical check-up,What did you do during your current stay in Japan?,2015,1.407815348,1.407815348
Medical treatment/Medical check-up,What you wanted to do during this trip to Japan?,2015,1.088599732,1.088599732
None in particular,"If you were to come to Japan again in future, what would you like to do?",2015,2.114268021,2.114268021
None in particular,What did you do during your current stay in Japan?,2015,0.590901366,0.590901366
None in particular,What you wanted to do during this trip to Japan?,2015,6.712586262,6.712586262
Eat Japanese food,"If you were to come to Japan again in future, what would you like to do?",2016,58.018483101,58.018483101
Eat Japanese food,What did you do during your current stay in Japan?,2016,96.068175317,96.068175317
Eat Japanese food,What you wanted to do during this trip to Japan?,2016,71.224491952,71.224491952
Drink Japanese alcoholic beverages,"If you were to come to Japan again in future, what would you like to do?",2016,22.631646522,22.631646522
Drink Japanese alcoholic beverages,What did you do during your current stay in Japan?,2016,43.185167217,43.185167217
Drink Japanese alcoholic beverages,What you wanted to do during this trip to Japan?,2016,22.072383415,22.072383415
Stay in a Japanese-style inn,"If you were to come to Japan again in future, what would you like to do?",2016,28.414646445,28.414646445
Stay in a Japanese-style inn,What did you do during your current stay in Japan?,2016,34.015295535,34.015295535
Stay in a Japanese-style inn,What you wanted to do during this trip to Japan?,2016,21.988103785,21.988103785
Bathe in a hot spring,"If you were to come to Japan again in future, what would you like to do?",2016,42.140858815,42.140858815
Bathe in a hot spring,What did you do during your current stay in Japan?,2016,36.664618541,36.664618541
Bathe in a hot spring,What you wanted to do during this trip to Japan?,2016,29.646235454,29.646235454
Nature/scenery sightseeing,"If you were to come to Japan again in future, what would you like to do?",2016,45.391690813,45.391690813
Nature/scenery sightseeing,What did you do during your current stay in Japan?,2016,66.36401113,66.36401113
Nature/scenery sightseeing,What you wanted to do during this trip to Japan?,2016,47.864749387,47.864749387
Sports watching,"If you were to come to Japan again in future, what would you like to do?",2016,10.28630757,10.28630757
Sports watching,What did you do during your current stay in Japan?,2016,1.756798123,1.756798123
Sports watching,What you wanted to do during this trip to Japan?,2016,2.604790041,2.604790041
Stage or music performances,"If you were to come to Japan again in future, what would you like to do?",2016,13.175729886,13.175729886
Stage or music performances,What did you do during your current stay in Japan?,2016,4.267557052,4.267557052
Stage or music performances,What you wanted to do during this trip to Japan?,2016,4.435613233,4.435613233
Shopping,"If you were to come to Japan again in future, what would you like to do?",2016,45.185273078,45.185273078
Shopping,What did you do during your current stay in Japan?,2016,83.448533928,83.448533928
Shopping,What you wanted to do during this trip to Japan?,2016,54.451660083,54.451660083
"Galleries, museums, etc.","If you were to come to Japan again in future, what would you like to do?",2016,18.203938706,18.203938706
"Galleries, museums, etc.",What did you do during your current stay in Japan?,2016,20.532147747,20.532147747
"Galleries, museums, etc.",What you wanted to do during this trip to Japan?,2016,13.850154473,13.850154473
Theme parks,"If you were to come to Japan again in future, what would you like to do?",2016,22.218831919,22.218831919
Theme parks,What did you do during your current stay in Japan?,2016,20.734615631,20.734615631
Theme parks,What you wanted to do during this trip to Japan?,2016,16.370415768,16.370415768
Ski/snowboard,"If you were to come to Japan again in future, what would you like to do?",2016,17.078379283,17.078379283
Ski/snowboard,What did you do during your current stay in Japan?,2016,2.748678384,2.748678384
Ski/snowboard,What you wanted to do during this trip to Japan?,2016,4.227897352,4.227897352
Other sports,"If you were to come to Japan again in future, what would you like to do?",2016,6.940666597,6.940666597
Other sports,What did you do during your current stay in Japan?,2016,1.738379136,1.738379136
Other sports,What you wanted to do during this trip to Japan?,2016,1.752802773,1.752802773
"Nature experience tours and farming, mountain, and fishing village experiences","If you were to come to Japan again in future, what would you like to do?",2016,16.161852483,16.161852483
"Nature experience tours and farming, mountain, and fishing village experiences",What did you do during your current stay in Japan?,2016,6.859653958,6.859653958
"Nature experience tours and farming, mountain, and fishing village experiences",What you wanted to do during this trip to Japan?,2016,6.225033027,6.225033027
Seasons,"If you were to come to Japan again in future, what would you like to do?",2016,30.595536433,30.595536433
Seasons,What did you do during your current stay in Japan?,2016,11.640145942,11.640145942
Seasons,What you wanted to do during this trip to Japan?,2016,11.445452613,11.445452613
Visiting film/anime settings,"If you were to come to Japan again in future, what would you like to do?",2016,10.971237674,10.971237674
Visiting film/anime settings,What did you do during your current stay in Japan?,2016,4.775959255,4.775959255
Visiting film/anime settings,What you wanted to do during this trip to Japan?,2016,4.94958819,4.94958819
Walking in shopping districts,"If you were to come to Japan again in future, what would you like to do?",2016,30.716812318,30.716812318
Walking in shopping districts,What did you do during your current stay in Japan?,2016,73.303768716,73.303768716
Walking in shopping districts,What you wanted to do during this trip to Japan?,2016,40.981915022,40.981915022
Experience Japanese history/culture,"If you were to come to Japan again in future, what would you like to do?",2016,25.719109141,25.719109141
Experience Japanese history/culture,What did you do during your current stay in Japan?,2016,24.382139798,24.382139798
Experience Japanese history/culture,What you wanted to do during this trip to Japan?,2016,16.827820173,16.827820173
Experience Japanese everyday life,"If you were to come to Japan again in future, what would you like to do?",2016,22.593541437,22.593541437
Experience Japanese everyday life,What did you do during your current stay in Japan?,2016,23.06004064,23.06004064
Experience Japanese everyday life,What you wanted to do during this trip to Japan?,2016,15.805796391,15.805796391
Enjoy Japanese pop culture,"If you were to come to Japan again in future, what would you like to do?",2016,15.012817249,15.012817249
Enjoy Japanese pop culture,What did you do during your current stay in Japan?,2016,14.814784594,14.814784594
Enjoy Japanese pop culture,What you wanted to do during this trip to Japan?,2016,10.425930342,10.425930342
Medical treatment/Medical check-up,"If you were to come to Japan again in future, what would you like to do?",2016,3.900634423,3.900634423
Medical treatment/Medical check-up,What did you do during your current stay in Japan?,2016,1.194757157,1.194757157
Medical treatment/Medical check-up,What you wanted to do during this trip to Japan?,2016,0.944968488,0.944968488
None in particular,"If you were to come to Japan again in future, what would you like to do?",2016,2.395724227,2.395724227
None in particular,What did you do during your current stay in Japan?,2016,0.505375915,0.505375915
None in particular,What you wanted to do during this trip to Japan?,2016,6.509263571,6.509263571
Eat Japanese food,"If you were to come to Japan again in future, what would you like to do?",2017,55.431694151,55.431694151
Eat Japanese food,What did you do during your current stay in Japan?,2017,95.779402796,95.779402796
Eat Japanese food,What you wanted to do during this trip to Japan?,2017,68.257910789,68.257910789
Drink Japanese alcoholic beverages,"If you were to come to Japan again in future, what would you like to do?",2017,22.643651056,22.643651056
Drink Japanese alcoholic beverages,What did you do during your current stay in Japan?,2017,45.222705333,45.222705333
Drink Japanese alcoholic beverages,What you wanted to do during this trip to Japan?,2017,22.001518787,22.001518787
Stay in a Japanese-style inn,"If you were to come to Japan again in future, what would you like to do?",2017,25.963752432,25.963752432
Stay in a Japanese-style inn,What did you do during your current stay in Japan?,2017,29.170466437,29.170466437
Stay in a Japanese-style inn,What you wanted to do during this trip to Japan?,2017,18.121754415,18.121754415
Bathe in a hot spring,"If you were to come to Japan again in future, what would you like to do?",2017,41.208826396,41.208826396
Bathe in a hot spring,What did you do during your current stay in Japan?,2017,33.943113801,33.943113801
Bathe in a hot spring,What you wanted to do during this trip to Japan?,2017,26.514972388,26.514972388
Nature/scenery sightseeing,"If you were to come to Japan again in future, what would you like to do?",2017,42.879178758,42.879178758
Nature/scenery sightseeing,What did you do during your current stay in Japan?,2017,65.470494369,65.470494369
Nature/scenery sightseeing,What you wanted to do during this trip to Japan?,2017,45.428133961,45.428133961
Sports watching,"If you were to come to Japan again in future, what would you like to do?",2017,9.211006342,9.211006342
Sports watching,What did you do during your current stay in Japan?,2017,1.561210616,1.561210616
Sports watching,What you wanted to do during this trip to Japan?,2017,2.120706277,2.120706277
Stage or music performances,"If you were to come to Japan again in future, what would you like to do?",2017,12.190760268,12.190760268
Stage or music performances,What did you do during your current stay in Japan?,2017,4.18101288,4.18101288
Stage or music performances,What you wanted to do during this trip to Japan?,2017,3.895516925,3.895516925
Shopping,"If you were to come to Japan again in future, what would you like to do?",2017,43.206065664,43.206065664
Shopping,What did you do during your current stay in Japan?,2017,85.068868607,85.068868607
Shopping,What you wanted to do during this trip to Japan?,2017,53.395143991,53.395143991
"Galleries, museums, etc.","If you were to come to Japan again in future, what would you like to do?",2017,17.4287244,17.4287244
"Galleries, museums, etc.",What did you do during your current stay in Japan?,2017,20.240735528,20.240735528
"Galleries, museums, etc.",What you wanted to do during this trip to Japan?,2017,12.66678919,12.66678919
Theme parks,"If you were to come to Japan again in future, what would you like to do?",2017,23.366643059,23.366643059
Theme parks,What did you do during your current stay in Japan?,2017,21.06851542,21.06851542
Theme parks,What you wanted to do during this trip to Japan?,2017,16.406065126,16.406065126
Ski/snowboard,"If you were to come to Japan again in future, what would you like to do?",2017,16.059453627,16.059453627
Ski/snowboard,What did you do during your current stay in Japan?,2017,2.990202185,2.990202185
Ski/snowboard,What you wanted to do during this trip to Japan?,2017,4.168116425,4.168116425
Other sports,"If you were to come to Japan again in future, what would you like to do?",2017,7.036655973,7.036655973
Other sports,What did you do during your current stay in Japan?,2017,1.971622506,1.971622506
Other sports,What you wanted to do during this trip to Japan?,2017,1.885597544,1.885597544
"Nature experience tours and farming, mountain, and fishing village experiences","If you were to come to Japan again in future, what would you like to do?",2017,15.590273453,15.590273453
"Nature experience tours and farming, mountain, and fishing village experiences",What did you do during your current stay in Japan?,2017,6.735101459,6.735101459
"Nature experience tours and farming, mountain, and fishing village experiences",What you wanted to do during this trip to Japan?,2017,5.628699006,5.628699006
Seasons,"If you were to come to Japan again in future, what would you like to do?",2017,28.997587516,28.997587516
Seasons,What did you do during your current stay in Japan?,2017,12.889980006,12.889980006
Seasons,What you wanted to do during this trip to Japan?,2017,11.609943805,11.609943805
Visiting film/anime settings,"If you were to come to Japan again in future, what would you like to do?",2017,10.790518271,10.790518271
Visiting film/anime settings,What did you do during your current stay in Japan?,2017,4.898473517,4.898473517
Visiting film/anime settings,What you wanted to do during this trip to Japan?,2017,4.503288142,4.503288142
Walking in shopping districts,"If you were to come to Japan again in future, what would you like to do?",2017,30.317905482,30.317905482
Walking in shopping districts,What did you do during your current stay in Japan?,2017,74.399877238,74.399877238
Walking in shopping districts,What you wanted to do during this trip to Japan?,2017,39.920936412,39.920936412
Experience Japanese history/culture,"If you were to come to Japan again in future, what would you like to do?",2017,25.914679723,25.914679723
Experience Japanese history/culture,What did you do during your current stay in Japan?,2017,24.830041854,24.830041854
Experience Japanese history/culture,What you wanted to do during this trip to Japan?,2017,16.655172023,16.655172023
Experience Japanese everyday life,"If you were to come to Japan again in future, what would you like to do?",2017,21.609085462,21.609085462
Experience Japanese everyday life,What did you do during your current stay in Japan?,2017,22.436837211,22.436837211
Experience Japanese everyday life,What you wanted to do during this trip to Japan?,2017,14.193828483,14.193828483
Enjoy Japanese pop culture,"If you were to come to Japan again in future, what would you like to do?",2017,14.270002198,14.270002198
Enjoy Japanese pop culture,What did you do during your current stay in Japan?,2017,14.551312224,14.551312224
Enjoy Japanese pop culture,What you wanted to do during this trip to Japan?,2017,9.297818367,9.297818367
Medical treatment/Medical check-up,"If you were to come to Japan again in future, what would you like to do?",2017,3.754549216,3.754549216
Medical treatment/Medical check-up,What did you do during your current stay in Japan?,2017,1.021129018,1.021129018
Medical treatment/Medical check-up,What you wanted to do during this trip to Japan?,2017,0.826599475,0.826599475
None in particular,"If you were to come to Japan again in future, what would you like to do?",2017,2.216407708,2.216407708
None in particular,What did you do during your current stay in Japan?,2017,0.536079711,0.536079711
None in particular,What you wanted to do during this trip to Japan?,2017,7.146157355,7.146157355
Eat Japanese food,"If you were to come to Japan again in future, what would you like to do?",2018,56.7462,56.7462
Eat Japanese food,What did you do during your current stay in Japan?,2018,96.2172,96.2172
Eat Japanese food,What you wanted to do during this trip to Japan?,2018,70.5357,70.5357
Drink Japanese alcoholic beverages,"If you were to come to Japan again in future, what would you like to do?",2018,20.9476,20.9476
Drink Japanese alcoholic beverages,What did you do during your current stay in Japan?,2018,44.7103,44.7103
Drink Japanese alcoholic beverages,What you wanted to do during this trip to Japan?,2018,24.7039,24.7039
Stay in a Japanese-style inn,"If you were to come to Japan again in future, what would you like to do?",2018,26.6904,26.6904
Stay in a Japanese-style inn,What did you do during your current stay in Japan?,2018,28.1105,28.1105
Stay in a Japanese-style inn,What you wanted to do during this trip to Japan?,2018,19.2242,19.2242
Bathe in a hot spring,"If you were to come to Japan again in future, what would you like to do?",2018,49.076,49.076
Bathe in a hot spring,What did you do during your current stay in Japan?,2018,33.913,33.913
Bathe in a hot spring,What you wanted to do during this trip to Japan?,2018,28.1496,28.1496
Nature/scenery sightseeing,"If you were to come to Japan again in future, what would you like to do?",2018,41.3083,41.3083
Nature/scenery sightseeing,What did you do during your current stay in Japan?,2018,66.0775,66.0775
Nature/scenery sightseeing,What you wanted to do during this trip to Japan?,2018,46.4762,46.4762
Sports watching,"If you were to come to Japan again in future, what would you like to do?",2018,7.1115,7.1115
Sports watching,What did you do during your current stay in Japan?,2018,1.5364,1.5364
Sports watching,What you wanted to do during this trip to Japan?,2018,2.5205,2.5205
Stage or music performances,"If you were to come to Japan again in future, what would you like to do?",2018,7.5337,7.5337
Stage or music performances,What did you do during your current stay in Japan?,2018,3.3167,3.3167
Stage or music performances,What you wanted to do during this trip to Japan?,2018,3.7637,3.7637
Shopping,"If you were to come to Japan again in future, what would you like to do?",2018,42.0817,42.0817
Shopping,What did you do during your current stay in Japan?,2018,83.9659,83.9659
Shopping,What you wanted to do during this trip to Japan?,2018,54.3887,54.3887
"Galleries, museums, etc.","If you were to come to Japan again in future, what would you like to do?",2018,15.914,15.914
"Galleries, museums, etc.",What did you do during your current stay in Japan?,2018,29.3389,29.3389
"Galleries, museums, etc.",What you wanted to do during this trip to Japan?,2018,20.1078,20.1078
Theme parks,"If you were to come to Japan again in future, what would you like to do?",2018,20.7313,20.7313
Theme parks,What did you do during your current stay in Japan?,2018,19.8221,19.8221
Theme parks,What you wanted to do during this trip to Japan?,2018,16.5999,16.5999
Ski/snowboard,"If you were to come to Japan again in future, what would you like to do?",2018,15.4575,15.4575
Ski/snowboard,What did you do during your current stay in Japan?,2018,3.0508,3.0508
Ski/snowboard,What you wanted to do during this trip to Japan?,2018,4.3045,4.3045
Other sports,"If you were to come to Japan again in future, what would you like to do?",2018,2.5186,2.5186
Other sports,What did you do during your current stay in Japan?,2018,1.6771,1.6771
Other sports,What you wanted to do during this trip to Japan?,2018,1.8522,1.8522
"Nature experience tours and farming, mountain, and fishing village experiences","If you were to come to Japan again in future, what would you like to do?",2018,15.1616,15.1616
"Nature experience tours and farming, mountain, and fishing village experiences",What did you do during your current stay in Japan?,2018,6.7572,6.7572
"Nature experience tours and farming, mountain, and fishing village experiences",What you wanted to do during this trip to Japan?,2018,6.3868,6.3868
Seasons,"If you were to come to Japan again in future, what would you like to do?",2018,24.8188,24.8188
Seasons,What did you do during your current stay in Japan?,2018,11.9782,11.9782
Seasons,What you wanted to do during this trip to Japan?,2018,12.285,12.285
Visiting film/anime settings,"If you were to come to Japan again in future, what would you like to do?",2018,9.1953,9.1953
Visiting film/anime settings,What did you do during your current stay in Japan?,2018,4.5595,4.5595
Visiting film/anime settings,What you wanted to do during this trip to Japan?,2018,4.9445,4.9445
Walking in shopping districts,"If you were to come to Japan again in future, what would you like to do?",2018,24.5993,24.5993
Walking in shopping districts,What did you do during your current stay in Japan?,2018,73.9315,73.9315
Walking in shopping districts,What you wanted to do during this trip to Japan?,2018,41.6517,41.6517
Experience Japanese history/culture,"If you were to come to Japan again in future, what would you like to do?",2018,24.2597,24.2597
Experience Japanese history/culture,What did you do during your current stay in Japan?,2018,26.3888,26.3888
Experience Japanese history/culture,What you wanted to do during this trip to Japan?,2018,20.6442,20.6442
Experience Japanese everyday life,"If you were to come to Japan again in future, what would you like to do?",2018,21.9072,21.9072
Experience Japanese everyday life,What did you do during your current stay in Japan?,2018,23.3848,23.3848
Experience Japanese everyday life,What you wanted to do during this trip to Japan?,2018,16.9426,16.9426
Enjoy Japanese pop culture,"If you were to come to Japan again in future, what would you like to do?",2018,13.0085,13.0085
Enjoy Japanese pop culture,What did you do during your current stay in Japan?,2018,12.7194,12.7194
Enjoy Japanese pop culture,What you wanted to do during this trip to Japan?,2018,9.8193,9.8193
Medical treatment/Medical check-up,"If you were to come to Japan again in future, what would you like to do?",2018,1.4199,1.4199
Medical treatment/Medical check-up,What did you do during your current stay in Japan?,2018,0.8776,0.8776
Medical treatment/Medical check-up,What you wanted to do during this trip to Japan?,2018,0.9234,0.9234
Other,"If you were to come to Japan again in future, what would you like to do?",2018,1.0288,1.0288
None in particular,"If you were to come to Japan again in future, what would you like to do?",2018,1.0651,1.0651
None in particular,What did you do during your current stay in Japan?,2018,0.2475,0.2475
None in particular,What you wanted to do during this trip to Japan?,2018,5.517,5.517
Eat Japanese food,"If you were to come to Japan again in future, what would you like to do?",2019,57.5529,57.5529
Eat Japanese food,What did you do during your current stay in Japan?,2019,96.6011,96.6011
Eat Japanese food,What you wanted to do during this trip to Japan?,2019,69.6778,69.6778
Drink Japanese alcoholic beverages,"If you were to come to Japan again in future, what would you like to do?",2019,21.8593,21.8593
Drink Japanese alcoholic beverages,What did you do during your current stay in Japan?,2019,42.3265,42.3265
Drink Japanese alcoholic beverages,What you wanted to do during this trip to Japan?,2019,24.4161,24.4161
Stay in a Japanese-style inn,"If you were to come to Japan again in future, what would you like to do?",2019,26.7287,26.7287
Stay in a Japanese-style inn,What did you do during your current stay in Japan?,2019,26.8911,26.8911
Stay in a Japanese-style inn,What you wanted to do during this trip to Japan?,2019,18.8539,18.8539
Bathe in a hot spring,"If you were to come to Japan again in future, what would you like to do?",2019,49.2429,49.2429
Bathe in a hot spring,What did you do during your current stay in Japan?,2019,31.9728,31.9728
Bathe in a hot spring,What you wanted to do during this trip to Japan?,2019,26.7229,26.7229
Nature/scenery sightseeing,"If you were to come to Japan again in future, what would you like to do?",2019,45.0035,45.0035
Nature/scenery sightseeing,What did you do during your current stay in Japan?,2019,65.8624,65.8624
Nature/scenery sightseeing,What you wanted to do during this trip to Japan?,2019,47.0051,47.0051
Sports watching,"If you were to come to Japan again in future, what would you like to do?",2019,7.9409,7.9409
Sports watching,What did you do during your current stay in Japan?,2019,2.8691,2.8691
Sports watching,What you wanted to do during this trip to Japan?,2019,3.6206,3.6206
Stage or music performances,"If you were to come to Japan again in future, what would you like to do?",2019,8.7756,8.7756
Stage or music performances,What did you do during your current stay in Japan?,2019,3.7474,3.7474
Stage or music performances,What you wanted to do during this trip to Japan?,2019,3.9111,3.9111
Shopping,"If you were to come to Japan again in future, what would you like to do?",2019,42.8888,42.8888
Shopping,What did you do during your current stay in Japan?,2019,82.7515,82.7515
Shopping,What you wanted to do during this trip to Japan?,2019,52.568,52.568
"Galleries, museums, etc.","If you were to come to Japan again in future, what would you like to do?",2019,17.8894,17.8894
"Galleries, museums, etc.",What did you do during your current stay in Japan?,2019,29.3497,29.3497
"Galleries, museums, etc.",What you wanted to do during this trip to Japan?,2019,20.7972,20.7972
Theme parks,"If you were to come to Japan again in future, what would you like to do?",2019,21.8252,21.8252
Theme parks,What did you do during your current stay in Japan?,2019,20.6684,20.6684
Theme parks,What you wanted to do during this trip to Japan?,2019,18.0817,18.0817
Ski/snowboard,"If you were to come to Japan again in future, what would you like to do?",2019,18.0262,18.0262
Ski/snowboard,What did you do during your current stay in Japan?,2019,2.7911,2.7911
Ski/snowboard,What you wanted to do during this trip to Japan?,2019,4.4835,4.4835
Other sports,"If you were to come to Japan again in future, what would you like to do?",2019,2.4838,2.4838
Other sports,What did you do during your current stay in Japan?,2019,1.5142,1.5142
Other sports,What you wanted to do during this trip to Japan?,2019,1.8977,1.8977
"Nature experience tours and farming, mountain, and fishing village experiences","If you were to come to Japan again in future, what would you like to do?",2019,16.4034,16.4034
"Nature experience tours and farming, mountain, and fishing village experiences",What did you do during your current stay in Japan?,2019,7.0171,7.0171
"Nature experience tours and farming, mountain, and fishing village experiences",What you wanted to do during this trip to Japan?,2019,6.3062,6.3062
Seasons,"If you were to come to Japan again in future, what would you like to do?",2019,26.8604,26.8604
Seasons,What did you do during your current stay in Japan?,2019,13.662,13.662
Seasons,What you wanted to do during this trip to Japan?,2019,13.5094,13.5094
Visiting film/anime settings,"If you were to come to Japan again in future, what would you like to do?",2019,10.2414,10.2414
Visiting film/anime settings,What did you do during your current stay in Japan?,2019,4.5875,4.5875
Visiting film/anime settings,What you wanted to do during this trip to Japan?,2019,4.7085,4.7085
Walking in shopping districts,"If you were to come to Japan again in future, what would you like to do?",2019,26.6375,26.6375
Walking in shopping districts,What did you do during your current stay in Japan?,2019,74.6135,74.6135
Walking in shopping districts,What you wanted to do during this trip to Japan?,2019,43.3128,43.3128
Experience Japanese history/culture,"If you were to come to Japan again in future, what would you like to do?",2019,25.7656,25.7656
Experience Japanese history/culture,What did you do during your current stay in Japan?,2019,28.6702,28.6702
Experience Japanese history/culture,What you wanted to do during this trip to Japan?,2019,22.1907,22.1907
Experience Japanese everyday life,"If you were to come to Japan again in future, what would you like to do?",2019,22.358,22.358
Experience Japanese everyday life,What did you do during your current stay in Japan?,2019,22.4802,22.4802
Experience Japanese everyday life,What you wanted to do during this trip to Japan?,2019,17.0306,17.0306
Enjoy Japanese pop culture,"If you were to come to Japan again in future, what would you like to do?",2019,13.6026,13.6026
Enjoy Japanese pop culture,What did you do during your current stay in Japan?,2019,13.5118,13.5118
Enjoy Japanese pop culture,What you wanted to do during this trip to Japan?,2019,10.2489,10.2489
Medical treatment/Medical check-up,"If you were to come to Japan again in future, what would you like to do?",2019,1.606,1.606
Medical treatment/Medical check-up,What did you do during your current stay in Japan?,2019,0.86,0.86
Medical treatment/Medical check-up,What you wanted to do during this trip to Japan?,2019,0.7372,0.7372
Other,"If you were to come to Japan again in future, what would you like to do?",2019,1.2158,1.2158
None in particular,"If you were to come to Japan again in future, what would you like to do?",2019,1.0908,1.0908
None in particular,What did you do during your current stay in Japan?,2019,0.2954,0.2954
None in particular,What you wanted to do during this trip to Japan?,2019,7.1591,7.1591
Eat Japanese food,"If you were to come to Japan again in future, what would you like to do?",2023,67.9205,67.9205
Eat Japanese food,What did you do during your current stay in Japan?,2023,98.1182,98.1182
Eat Japanese food,What you wanted to do during this trip to Japan?,2023,83.1874,83.1874
Drink Japanese alcoholic beverages,"If you were to come to Japan again in future, what would you like to do?",2023,26.5115,26.5115
Drink Japanese alcoholic beverages,What did you do during your current stay in Japan?,2023,51.7096,51.7096
Drink Japanese alcoholic beverages,What you wanted to do during this trip to Japan?,2023,34.878,34.878
Stay in a Japanese-style inn,"If you were to come to Japan again in future, what would you like to do?",2023,30.1731,30.1731
Stay in a Japanese-style inn,What did you do during your current stay in Japan?,2023,22.411,22.411
Stay in a Japanese-style inn,What you wanted to do during this trip to Japan?,2023,18.7786,18.7786
Bathe in a hot spring,"If you were to come to Japan again in future, what would you like to do?",2023,48.2048,48.2048
Bathe in a hot spring,What did you do during your current stay in Japan?,2023,28.4639,28.4639
Bathe in a hot spring,What you wanted to do during this trip to Japan?,2023,26.4683,26.4683
Nature/scenery sightseeing,"If you were to come to Japan again in future, what would you like to do?",2023,45.8988,45.8988
Nature/scenery sightseeing,What did you do during your current stay in Japan?,2023,62.8045,62.8045
Nature/scenery sightseeing,What you wanted to do during this trip to Japan?,2023,49.3921,49.3921
Sports watching,"If you were to come to Japan again in future, what would you like to do?",2023,10.2773,10.2773
Sports watching,What did you do during your current stay in Japan?,2023,1.8998,1.8998
Sports watching,What you wanted to do during this trip to Japan?,2023,2.7871,2.7871
Stage or music performances,"If you were to come to Japan again in future, what would you like to do?",2023,8.7794,8.7794
Stage or music performances,What did you do during your current stay in Japan?,2023,3.6749,3.6749
Stage or music performances,What you wanted to do during this trip to Japan?,2023,3.899,3.899
Shopping,"If you were to come to Japan again in future, what would you like to do?",2023,44.2765,44.2765
Shopping,What did you do during your current stay in Japan?,2023,84.2981,84.2981
Shopping,What you wanted to do during this trip to Japan?,2023,60.9039,60.9039
"Galleries, museums, etc.","If you were to come to Japan again in future, what would you like to do?",2023,17.6918,17.6918
"Galleries, museums, etc.",What did you do during your current stay in Japan?,2023,32.8063,32.8063
"Galleries, museums, etc.",What you wanted to do during this trip to Japan?,2023,24.619,24.619
Theme parks,"If you were to come to Japan again in future, what would you like to do?",2023,23.3729,23.3729
Theme parks,What did you do during your current stay in Japan?,2023,25.5761,25.5761
Theme parks,What you wanted to do during this trip to Japan?,2023,22.6825,22.6825
Ski/snowboard,"If you were to come to Japan again in future, what would you like to do?",2023,15.1311,15.1311
Ski/snowboard,What did you do during your current stay in Japan?,2023,2.192,2.192
Ski/snowboard,What you wanted to do during this trip to Japan?,2023,3.2267,3.2267
Other sports,"If you were to come to Japan again in future, what would you like to do?",2023,2.3613,2.3613
Other sports,What did you do during your current stay in Japan?,2023,1.8976,1.8976
Other sports,What you wanted to do during this trip to Japan?,2023,2.2479,2.2479
"Nature experience tours and farming, mountain, and fishing village experiences","If you were to come to Japan again in future, what would you like to do?",2023,17.9579,17.9579
"Nature experience tours and farming, mountain, and fishing village experiences",What did you do during your current stay in Japan?,2023,8.6787,8.6787
"Nature experience tours and farming, mountain, and fishing village experiences",What you wanted to do during this trip to Japan?,2023,7.8098,7.8098
Seasons,"If you were to come to Japan again in future, what would you like to do?",2023,27.3307,27.3307
Seasons,What did you do during your current stay in Japan?,2023,13.8821,13.8821
Seasons,What you wanted to do during this trip to Japan?,2023,13.1935,13.1935
Visiting film/anime settings,"If you were to come to Japan again in future, what would you like to do?",2023,10.8518,10.8518
Visiting film/anime settings,What did you do during your current stay in Japan?,2023,7.4839,7.4839
Visiting film/anime settings,What you wanted to do during this trip to Japan?,2023,7.0289,7.0289
Walking in shopping districts,"If you were to come to Japan again in future, what would you like to do?",2023,26.5433,26.5433
Walking in shopping districts,What did you do during your current stay in Japan?,2023,74.4691,74.4691
Walking in shopping districts,What you wanted to do during this trip to Japan?,2023,51.7481,51.7481
Experience Japanese history/culture,"If you were to come to Japan again in future, what would you like to do?",2023,26.7078,26.7078
Experience Japanese history/culture,What did you do during your current stay in Japan?,2023,31.7903,31.7903
Experience Japanese history/culture,What you wanted to do during this trip to Japan?,2023,26.6657,26.6657
Experience Japanese everyday life,"If you were to come to Japan again in future, what would you like to do?",2023,23.1197,23.1197
Experience Japanese everyday life,What did you do during your current stay in Japan?,2023,26.6956,26.6956
Experience Japanese everyday life,What you wanted to do during this trip to Japan?,2023,21.48,21.48
Enjoy Japanese pop culture,"If you were to come to Japan again in future, what would you like to do?",2023,13.2779,13.2779
Enjoy Japanese pop culture,What did you do during your current stay in Japan?,2023,16.2318,16.2318
Enjoy Japanese pop culture,What you wanted to do during this trip to Japan?,2023,13.6911,13.6911
Medical treatment/Medical check-up,"If you were to come to Japan again in future, what would you like to do?",2023,0.7678,0.7678
Medical treatment/Medical check-up,What did you do during your current stay in Japan?,2023,0.7037,0.7037
Medical treatment/Medical check-up,What you wanted to do during this trip to Japan?,2023,0.7511,0.7511
Other,"If you were to come to Japan again in future, what would you like to do?",2023,0.3257,0.3257
None in particular,"If you were to come to Japan again in future, what would you like to do?",2023,0.4941,0.4941
None in particular,What did you do during your current stay in Japan?,2023,0,0
None in particular,What you wanted to do during this trip to Japan?,2023,3.5835,3.5835
Eat Japanese food,"If you were to come to Japan again in future, what would you like to do?",2024,65.2458,65.2458
Eat Japanese food,What did you do during your current stay in Japan?,2024,97.9181,97.9181
Eat Japanese food,What you wanted to do during this trip to Japan?,2024,82.2095,82.2095
Drink Japanese alcoholic beverages,"If you were to come to Japan again in future, what would you like to do?",2024,25.1039,25.1039
Drink Japanese alcoholic beverages,What did you do during your current stay in Japan?,2024,47.963,47.963
Drink Japanese alcoholic beverages,What you wanted to do during this trip to Japan?,2024,32.1967,32.1967
Stay in a Japanese-style inn,"If you were to come to Japan again in future, what would you like to do?",2024,28.8187,28.8187
Stay in a Japanese-style inn,What did you do during your current stay in Japan?,2024,23.3104,23.3104
Stay in a Japanese-style inn,What you wanted to do during this trip to Japan?,2024,18.0786,18.0786
Bathe in a hot spring,"If you were to come to Japan again in future, what would you like to do?",2024,46.9136,46.9136
Bathe in a hot spring,What did you do during your current stay in Japan?,2024,27.4945,27.4945
Bathe in a hot spring,What you wanted to do during this trip to Japan?,2024,24.276,24.276
Nature/scenery sightseeing,"If you were to come to Japan again in future, what would you like to do?",2024,46.7057,46.7057
Nature/scenery sightseeing,What did you do during your current stay in Japan?,2024,67.8189,67.8189
Nature/scenery sightseeing,What you wanted to do during this trip to Japan?,2024,53.6215,53.6215
Sports watching,"If you were to come to Japan again in future, what would you like to do?",2024,9.9748,9.9748
Sports watching,What did you do during your current stay in Japan?,2024,1.9746,1.9746
Sports watching,What you wanted to do during this trip to Japan?,2024,2.597,2.597
Stage or music performances,"If you were to come to Japan again in future, what would you like to do?",2024,9.009,9.009
Stage or music performances,What did you do during your current stay in Japan?,2024,4.4784,4.4784
Stage or music performances,What you wanted to do during this trip to Japan?,2024,4.3907,4.3907
Shopping,"If you were to come to Japan again in future, what would you like to do?",2024,45.7691,45.7691
Shopping,What did you do during your current stay in Japan?,2024,85.9955,85.9955
Shopping,What you wanted to do during this trip to Japan?,2024,62.7968,62.7968
"Galleries, museums, etc.","If you were to come to Japan again in future, what would you like to do?",2024,19.4472,19.4472
"Galleries, museums, etc.",What did you do during your current stay in Japan?,2024,33.4661,33.4661
"Galleries, museums, etc.",What you wanted to do during this trip to Japan?,2024,25.4816,25.4816
Theme parks,"If you were to come to Japan again in future, what would you like to do?",2024,22.6683,22.6683
Theme parks,What did you do during your current stay in Japan?,2024,24.0965,24.0965
Theme parks,What you wanted to do during this trip to Japan?,2024,20.8799,20.8799
Ski/snowboard,"If you were to come to Japan again in future, what would you like to do?",2024,15.8778,15.8778
Ski/snowboard,What did you do during your current stay in Japan?,2024,2.6744,2.6744
Ski/snowboard,What you wanted to do during this trip to Japan?,2024,3.4731,3.4731
Other sports,"If you were to come to Japan again in future, what would you like to do?",2024,2.3615,2.3615
Other sports,What did you do during your current stay in Japan?,2024,1.8861,1.8861
Other sports,What you wanted to do during this trip to Japan?,2024,2.0368,2.0368
"Nature experience tours and farming, mountain, and fishing village experiences","If you were to come to Japan again in future, what would you like to do?",2024,17.3791,17.3791
"Nature experience tours and farming, mountain, and fishing village experiences",What did you do during your current stay in Japan?,2024,8.1497,8.1497
"Nature experience tours and farming, mountain, and fishing village experiences",What you wanted to do during this trip to Japan?,2024,7.4047,7.4047
Seasons,"If you were to come to Japan again in future, what would you like to do?",2024,26.9488,26.9488
Seasons,What did you do during your current stay in Japan?,2024,16.7072,16.7072
Seasons,What you wanted to do during this trip to Japan?,2024,15.8151,15.8151
Visiting film/anime settings,"If you were to come to Japan again in future, what would you like to do?",2024,11.8044,11.8044
Visiting film/anime settings,What did you do during your current stay in Japan?,2024,8.0716,8.0716
Visiting film/anime settings,What you wanted to do during this trip to Japan?,2024,7.3508,7.3508
Walking in shopping districts,"If you were to come to Japan again in future, what would you like to do?",2024,29.3329,29.3329
Walking in shopping districts,What did you do during your current stay in Japan?,2024,78.6296,78.6296
Walking in shopping districts,What you wanted to do during this trip to Japan?,2024,54.7056,54.7056
Experience Japanese history/culture,"If you were to come to Japan again in future, what would you like to do?",2024,25.429,25.429
Experience Japanese history/culture,What did you do during your current stay in Japan?,2024,31.5684,31.5684
Experience Japanese history/culture,What you wanted to do during this trip to Japan?,2024,26.773,26.773
Experience Japanese everyday life,"If you were to come to Japan again in future, what would you like to do?",2024,22.3284,22.3284
Experience Japanese everyday life,What did you do during your current stay in Japan?,2024,26.6758,26.6758
Experience Japanese everyday life,What you wanted to do during this trip to Japan?,2024,21.1407,21.1407
Enjoy Japanese pop culture,"If you were to come to Japan again in future, what would you like to do?",2024,13.6681,13.6681
Enjoy Japanese pop culture,What did you do during your current stay in Japan?,2024,18.3902,18.3902
Enjoy Japanese pop culture,What you wanted to do during this trip to Japan?,2024,15.4618,15.4618
Medical treatment/Medical check-up,"If you were to come to Japan again in future, what would you like to do?",2024,0.8587,0.8587
Medical treatment/Medical check-up,What did you do during your current stay in Japan?,2024,0.6585,0.6585
Medical treatment/Medical check-up,What you wanted to do during this trip to Japan?,2024,0.6567,0.6567
Other,"If you were to come to Japan again in future, what would you like to do?",2024,0.883,0.883
None in particular,"If you were to come to Japan again in future, what would you like to do?",2024,0.333,0.333
None in particular,What did you do during your current stay in Japan?,2024,0,0
None in particular,What you wanted to do during this trip to Japan?,2024,2.945,2.945
